ID,REVIEWS
1,This phone very excellent ğŸ‘ŒğŸ‘ŒğŸ‘Œ12/256 RAM /ROMğŸ˜READ MORE
2,Nice Product. Camera quality awesome.READ MORE
3,Good phone. Look and feel is good in hand. Best at this price rangeREAD MORE
4,"Phone is really good in performance, features and camera in this price range.READ MORE"
5,Product is awesome.Build quality - 4/5Camera - 4/5Performance - 4/5Display - 5/5Sound - 5/5Storage - 3/5Connectivity - 4.5/5READ MORE
6,Good ğŸ’¯READ MORE
7,BestREAD MORE
8,"I think the camera quality is decent...I would like to give 4.3 out of 5 in camera department... battery backup  is excellent 5 out of 5 .. display is buttery smooth ...Dear my brothers and sisters trust me and go for it..it is better than Vivo, oppo, realme ,redmi  one plus and others Chinese brands....... Don't go for Samsung as hanging problem continues...So Besides Apple, Google, Motorola.. nothing is becoming a trustable brand...Best phone in this price point... Go for itREAD MORE"
9,incredible ğŸ˜ at the his priceREAD MORE
10,GoodREAD MORE
11,This phone very excellent ğŸ‘ŒğŸ‘ŒğŸ‘Œ12/256 RAM /ROMğŸ˜READ MORE
12,Nice Product. Camera quality awesome.READ MORE
13,Good phone. Look and feel is good in hand. Best at this price rangeREAD MORE
14,"Phone is really good in performance, features and camera in this price range.READ MORE"
15,Product is awesome.Build quality - 4/5Camera - 4/5Performance - 4/5Display - 5/5Sound - 5/5Storage - 3/5Connectivity - 4.5/5READ MORE
16,Good ğŸ’¯READ MORE
17,BestREAD MORE
18,"I think the camera quality is decent...I would like to give 4.3 out of 5 in camera department... battery backup  is excellent 5 out of 5 .. display is buttery smooth ...Dear my brothers and sisters trust me and go for it..it is better than Vivo, oppo, realme ,redmi  one plus and others Chinese brands....... Don't go for Samsung as hanging problem continues...So Besides Apple, Google, Motorola.. nothing is becoming a trustable brand...Best phone in this price point... Go for itREAD MORE"
19,incredible ğŸ˜ at the his priceREAD MORE
20,GoodREAD MORE
21,This phone very excellent ğŸ‘ŒğŸ‘ŒğŸ‘Œ12/256 RAM /ROMğŸ˜READ MORE
22,Nice Product. Camera quality awesome.READ MORE
23,Good phone. Look and feel is good in hand. Best at this price rangeREAD MORE
24,"Phone is really good in performance, features and camera in this price range.READ MORE"
25,Product is awesome.Build quality - 4/5Camera - 4/5Performance - 4/5Display - 5/5Sound - 5/5Storage - 3/5Connectivity - 4.5/5READ MORE
26,Good ğŸ’¯READ MORE
27,BestREAD MORE
28,"I think the camera quality is decent...I would like to give 4.3 out of 5 in camera department... battery backup  is excellent 5 out of 5 .. display is buttery smooth ...Dear my brothers and sisters trust me and go for it..it is better than Vivo, oppo, realme ,redmi  one plus and others Chinese brands....... Don't go for Samsung as hanging problem continues...So Besides Apple, Google, Motorola.. nothing is becoming a trustable brand...Best phone in this price point... Go for itREAD MORE"
29,incredible ğŸ˜ at the his priceREAD MORE
30,GoodREAD MORE
31,This phone very excellent ğŸ‘ŒğŸ‘ŒğŸ‘Œ12/256 RAM /ROMğŸ˜READ MORE
32,Nice Product. Camera quality awesome.READ MORE
33,Good phone. Look and feel is good in hand. Best at this price rangeREAD MORE
34,"Phone is really good in performance, features and camera in this price range.READ MORE"
35,Product is awesome.Build quality - 4/5Camera - 4/5Performance - 4/5Display - 5/5Sound - 5/5Storage - 3/5Connectivity - 4.5/5READ MORE
36,Good ğŸ’¯READ MORE
37,BestREAD MORE
38,"I think the camera quality is decent...I would like to give 4.3 out of 5 in camera department... battery backup  is excellent 5 out of 5 .. display is buttery smooth ...Dear my brothers and sisters trust me and go for it..it is better than Vivo, oppo, realme ,redmi  one plus and others Chinese brands....... Don't go for Samsung as hanging problem continues...So Besides Apple, Google, Motorola.. nothing is becoming a trustable brand...Best phone in this price point... Go for itREAD MORE"
39,incredible ğŸ˜ at the his priceREAD MORE
40,GoodREAD MORE
41,This phone very excellent ğŸ‘ŒğŸ‘ŒğŸ‘Œ12/256 RAM /ROMğŸ˜READ MORE
42,Nice Product. Camera quality awesome.READ MORE
43,Good phone. Look and feel is good in hand. Best at this price rangeREAD MORE
44,"Phone is really good in performance, features and camera in this price range.READ MORE"
45,Product is awesome.Build quality - 4/5Camera - 4/5Performance - 4/5Display - 5/5Sound - 5/5Storage - 3/5Connectivity - 4.5/5READ MORE
46,Good ğŸ’¯READ MORE
47,BestREAD MORE
48,"I think the camera quality is decent...I would like to give 4.3 out of 5 in camera department... battery backup  is excellent 5 out of 5 .. display is buttery smooth ...Dear my brothers and sisters trust me and go for it..it is better than Vivo, oppo, realme ,redmi  one plus and others Chinese brands....... Don't go for Samsung as hanging problem continues...So Besides Apple, Google, Motorola.. nothing is becoming a trustable brand...Best phone in this price point... Go for itREAD MORE"
49,incredible ğŸ˜ at the his priceREAD MORE
50,GoodREAD MORE
51,This phone very excellent ğŸ‘ŒğŸ‘ŒğŸ‘Œ12/256 RAM /ROMğŸ˜READ MORE
52,Nice Product. Camera quality awesome.READ MORE
53,Good phone. Look and feel is good in hand. Best at this price rangeREAD MORE
54,"Phone is really good in performance, features and camera in this price range.READ MORE"
55,Product is awesome.Build quality - 4/5Camera - 4/5Performance - 4/5Display - 5/5Sound - 5/5Storage - 3/5Connectivity - 4.5/5READ MORE
56,Good ğŸ’¯READ MORE
57,BestREAD MORE
58,"I think the camera quality is decent...I would like to give 4.3 out of 5 in camera department... battery backup  is excellent 5 out of 5 .. display is buttery smooth ...Dear my brothers and sisters trust me and go for it..it is better than Vivo, oppo, realme ,redmi  one plus and others Chinese brands....... Don't go for Samsung as hanging problem continues...So Besides Apple, Google, Motorola.. nothing is becoming a trustable brand...Best phone in this price point... Go for itREAD MORE"
59,incredible ğŸ˜ at the his priceREAD MORE
60,GoodREAD MORE
61,This phone very excellent ğŸ‘ŒğŸ‘ŒğŸ‘Œ12/256 RAM /ROMğŸ˜READ MORE
62,Nice Product. Camera quality awesome.READ MORE
63,Good phone. Look and feel is good in hand. Best at this price rangeREAD MORE
64,"Phone is really good in performance, features and camera in this price range.READ MORE"
65,Product is awesome.Build quality - 4/5Camera - 4/5Performance - 4/5Display - 5/5Sound - 5/5Storage - 3/5Connectivity - 4.5/5READ MORE
66,Good ğŸ’¯READ MORE
67,BestREAD MORE
68,"I think the camera quality is decent...I would like to give 4.3 out of 5 in camera department... battery backup  is excellent 5 out of 5 .. display is buttery smooth ...Dear my brothers and sisters trust me and go for it..it is better than Vivo, oppo, realme ,redmi  one plus and others Chinese brands....... Don't go for Samsung as hanging problem continues...So Besides Apple, Google, Motorola.. nothing is becoming a trustable brand...Best phone in this price point... Go for itREAD MORE"
69,incredible ğŸ˜ at the his priceREAD MORE
70,GoodREAD MORE
71,This phone very excellent ğŸ‘ŒğŸ‘ŒğŸ‘Œ12/256 RAM /ROMğŸ˜READ MORE
72,Nice Product. Camera quality awesome.READ MORE
73,Good phone. Look and feel is good in hand. Best at this price rangeREAD MORE
74,"Phone is really good in performance, features and camera in this price range.READ MORE"
75,Product is awesome.Build quality - 4/5Camera - 4/5Performance - 4/5Display - 5/5Sound - 5/5Storage - 3/5Connectivity - 4.5/5READ MORE
76,Good ğŸ’¯READ MORE
77,BestREAD MORE
78,"I think the camera quality is decent...I would like to give 4.3 out of 5 in camera department... battery backup  is excellent 5 out of 5 .. display is buttery smooth ...Dear my brothers and sisters trust me and go for it..it is better than Vivo, oppo, realme ,redmi  one plus and others Chinese brands....... Don't go for Samsung as hanging problem continues...So Besides Apple, Google, Motorola.. nothing is becoming a trustable brand...Best phone in this price point... Go for itREAD MORE"
79,incredible ğŸ˜ at the his priceREAD MORE
80,GoodREAD MORE
81,This phone very excellent ğŸ‘ŒğŸ‘ŒğŸ‘Œ12/256 RAM /ROMğŸ˜READ MORE
82,Nice Product. Camera quality awesome.READ MORE
83,Good phone. Look and feel is good in hand. Best at this price rangeREAD MORE
84,"Phone is really good in performance, features and camera in this price range.READ MORE"
85,Product is awesome.Build quality - 4/5Camera - 4/5Performance - 4/5Display - 5/5Sound - 5/5Storage - 3/5Connectivity - 4.5/5READ MORE
86,Good ğŸ’¯READ MORE
87,BestREAD MORE
88,"I think the camera quality is decent...I would like to give 4.3 out of 5 in camera department... battery backup  is excellent 5 out of 5 .. display is buttery smooth ...Dear my brothers and sisters trust me and go for it..it is better than Vivo, oppo, realme ,redmi  one plus and others Chinese brands....... Don't go for Samsung as hanging problem continues...So Besides Apple, Google, Motorola.. nothing is becoming a trustable brand...Best phone in this price point... Go for itREAD MORE"
89,incredible ğŸ˜ at the his priceREAD MORE
90,GoodREAD MORE
91,This phone very excellent ğŸ‘ŒğŸ‘ŒğŸ‘Œ12/256 RAM /ROMğŸ˜READ MORE
92,Nice Product. Camera quality awesome.READ MORE
93,Good phone. Look and feel is good in hand. Best at this price rangeREAD MORE
94,"Phone is really good in performance, features and camera in this price range.READ MORE"
95,Product is awesome.Build quality - 4/5Camera - 4/5Performance - 4/5Display - 5/5Sound - 5/5Storage - 3/5Connectivity - 4.5/5READ MORE
96,Good ğŸ’¯READ MORE
97,BestREAD MORE
98,"I think the camera quality is decent...I would like to give 4.3 out of 5 in camera department... battery backup  is excellent 5 out of 5 .. display is buttery smooth ...Dear my brothers and sisters trust me and go for it..it is better than Vivo, oppo, realme ,redmi  one plus and others Chinese brands....... Don't go for Samsung as hanging problem continues...So Besides Apple, Google, Motorola.. nothing is becoming a trustable brand...Best phone in this price point... Go for itREAD MORE"
99,incredible ğŸ˜ at the his priceREAD MORE
100,GoodREAD MORE
101,This phone very excellent ğŸ‘ŒğŸ‘ŒğŸ‘Œ12/256 RAM /ROMğŸ˜READ MORE
102,Nice Product. Camera quality awesome.READ MORE
103,Good phone. Look and feel is good in hand. Best at this price rangeREAD MORE
104,"Phone is really good in performance, features and camera in this price range.READ MORE"
105,Product is awesome.Build quality - 4/5Camera - 4/5Performance - 4/5Display - 5/5Sound - 5/5Storage - 3/5Connectivity - 4.5/5READ MORE
106,Good ğŸ’¯READ MORE
107,BestREAD MORE
108,"I think the camera quality is decent...I would like to give 4.3 out of 5 in camera department... battery backup  is excellent 5 out of 5 .. display is buttery smooth ...Dear my brothers and sisters trust me and go for it..it is better than Vivo, oppo, realme ,redmi  one plus and others Chinese brands....... Don't go for Samsung as hanging problem continues...So Besides Apple, Google, Motorola.. nothing is becoming a trustable brand...Best phone in this price point... Go for itREAD MORE"
109,incredible ğŸ˜ at the his priceREAD MORE
110,GoodREAD MORE
111,This phone very excellent ğŸ‘ŒğŸ‘ŒğŸ‘Œ12/256 RAM /ROMğŸ˜READ MORE
112,Nice Product. Camera quality awesome.READ MORE
113,Good phone. Look and feel is good in hand. Best at this price rangeREAD MORE
114,"Phone is really good in performance, features and camera in this price range.READ MORE"
115,Product is awesome.Build quality - 4/5Camera - 4/5Performance - 4/5Display - 5/5Sound - 5/5Storage - 3/5Connectivity - 4.5/5READ MORE
116,Good ğŸ’¯READ MORE
117,BestREAD MORE
118,"I think the camera quality is decent...I would like to give 4.3 out of 5 in camera department... battery backup  is excellent 5 out of 5 .. display is buttery smooth ...Dear my brothers and sisters trust me and go for it..it is better than Vivo, oppo, realme ,redmi  one plus and others Chinese brands....... Don't go for Samsung as hanging problem continues...So Besides Apple, Google, Motorola.. nothing is becoming a trustable brand...Best phone in this price point... Go for itREAD MORE"
119,incredible ğŸ˜ at the his priceREAD MORE
120,GoodREAD MORE
121,This phone very excellent ğŸ‘ŒğŸ‘ŒğŸ‘Œ12/256 RAM /ROMğŸ˜READ MORE
122,Nice Product. Camera quality awesome.READ MORE
123,Good phone. Look and feel is good in hand. Best at this price rangeREAD MORE
124,"Phone is really good in performance, features and camera in this price range.READ MORE"
125,Product is awesome.Build quality - 4/5Camera - 4/5Performance - 4/5Display - 5/5Sound - 5/5Storage - 3/5Connectivity - 4.5/5READ MORE
126,Good ğŸ’¯READ MORE
127,BestREAD MORE
128,"I think the camera quality is decent...I would like to give 4.3 out of 5 in camera department... battery backup  is excellent 5 out of 5 .. display is buttery smooth ...Dear my brothers and sisters trust me and go for it..it is better than Vivo, oppo, realme ,redmi  one plus and others Chinese brands....... Don't go for Samsung as hanging problem continues...So Besides Apple, Google, Motorola.. nothing is becoming a trustable brand...Best phone in this price point... Go for itREAD MORE"
129,incredible ğŸ˜ at the his priceREAD MORE
130,GoodREAD MORE
131,This phone very excellent ğŸ‘ŒğŸ‘ŒğŸ‘Œ12/256 RAM /ROMğŸ˜READ MORE
132,Nice Product. Camera quality awesome.READ MORE
133,Good phone. Look and feel is good in hand. Best at this price rangeREAD MORE
134,"Phone is really good in performance, features and camera in this price range.READ MORE"
135,Product is awesome.Build quality - 4/5Camera - 4/5Performance - 4/5Display - 5/5Sound - 5/5Storage - 3/5Connectivity - 4.5/5READ MORE
136,Good ğŸ’¯READ MORE
137,BestREAD MORE
138,"I think the camera quality is decent...I would like to give 4.3 out of 5 in camera department... battery backup  is excellent 5 out of 5 .. display is buttery smooth ...Dear my brothers and sisters trust me and go for it..it is better than Vivo, oppo, realme ,redmi  one plus and others Chinese brands....... Don't go for Samsung as hanging problem continues...So Besides Apple, Google, Motorola.. nothing is becoming a trustable brand...Best phone in this price point... Go for itREAD MORE"
139,incredible ğŸ˜ at the his priceREAD MORE
140,GoodREAD MORE
141,This phone very excellent ğŸ‘ŒğŸ‘ŒğŸ‘Œ12/256 RAM /ROMğŸ˜READ MORE
142,Nice Product. Camera quality awesome.READ MORE
143,Good phone. Look and feel is good in hand. Best at this price rangeREAD MORE
144,"Phone is really good in performance, features and camera in this price range.READ MORE"
145,Product is awesome.Build quality - 4/5Camera - 4/5Performance - 4/5Display - 5/5Sound - 5/5Storage - 3/5Connectivity - 4.5/5READ MORE
146,Good ğŸ’¯READ MORE
147,BestREAD MORE
148,"I think the camera quality is decent...I would like to give 4.3 out of 5 in camera department... battery backup  is excellent 5 out of 5 .. display is buttery smooth ...Dear my brothers and sisters trust me and go for it..it is better than Vivo, oppo, realme ,redmi  one plus and others Chinese brands....... Don't go for Samsung as hanging problem continues...So Besides Apple, Google, Motorola.. nothing is becoming a trustable brand...Best phone in this price point... Go for itREAD MORE"
149,incredible ğŸ˜ at the his priceREAD MORE
150,GoodREAD MORE
151,This phone very excellent ğŸ‘ŒğŸ‘ŒğŸ‘Œ12/256 RAM /ROMğŸ˜READ MORE
152,Nice Product. Camera quality awesome.READ MORE
153,Good phone. Look and feel is good in hand. Best at this price rangeREAD MORE
154,"Phone is really good in performance, features and camera in this price range.READ MORE"
155,Product is awesome.Build quality - 4/5Camera - 4/5Performance - 4/5Display - 5/5Sound - 5/5Storage - 3/5Connectivity - 4.5/5READ MORE
156,Good ğŸ’¯READ MORE
157,BestREAD MORE
158,"I think the camera quality is decent...I would like to give 4.3 out of 5 in camera department... battery backup  is excellent 5 out of 5 .. display is buttery smooth ...Dear my brothers and sisters trust me and go for it..it is better than Vivo, oppo, realme ,redmi  one plus and others Chinese brands....... Don't go for Samsung as hanging problem continues...So Besides Apple, Google, Motorola.. nothing is becoming a trustable brand...Best phone in this price point... Go for itREAD MORE"
159,incredible ğŸ˜ at the his priceREAD MORE
160,GoodREAD MORE
161,This phone very excellent ğŸ‘ŒğŸ‘ŒğŸ‘Œ12/256 RAM /ROMğŸ˜READ MORE
162,Nice Product. Camera quality awesome.READ MORE
163,Good phone. Look and feel is good in hand. Best at this price rangeREAD MORE
164,"Phone is really good in performance, features and camera in this price range.READ MORE"
165,Product is awesome.Build quality - 4/5Camera - 4/5Performance - 4/5Display - 5/5Sound - 5/5Storage - 3/5Connectivity - 4.5/5READ MORE
166,Good ğŸ’¯READ MORE
167,BestREAD MORE
168,"I think the camera quality is decent...I would like to give 4.3 out of 5 in camera department... battery backup  is excellent 5 out of 5 .. display is buttery smooth ...Dear my brothers and sisters trust me and go for it..it is better than Vivo, oppo, realme ,redmi  one plus and others Chinese brands....... Don't go for Samsung as hanging problem continues...So Besides Apple, Google, Motorola.. nothing is becoming a trustable brand...Best phone in this price point... Go for itREAD MORE"
169,incredible ğŸ˜ at the his priceREAD MORE
170,GoodREAD MORE
171,This phone very excellent ğŸ‘ŒğŸ‘ŒğŸ‘Œ12/256 RAM /ROMğŸ˜READ MORE
172,Nice Product. Camera quality awesome.READ MORE
173,Good phone. Look and feel is good in hand. Best at this price rangeREAD MORE
174,"Phone is really good in performance, features and camera in this price range.READ MORE"
175,Product is awesome.Build quality - 4/5Camera - 4/5Performance - 4/5Display - 5/5Sound - 5/5Storage - 3/5Connectivity - 4.5/5READ MORE
176,Good ğŸ’¯READ MORE
177,BestREAD MORE
178,"I think the camera quality is decent...I would like to give 4.3 out of 5 in camera department... battery backup  is excellent 5 out of 5 .. display is buttery smooth ...Dear my brothers and sisters trust me and go for it..it is better than Vivo, oppo, realme ,redmi  one plus and others Chinese brands....... Don't go for Samsung as hanging problem continues...So Besides Apple, Google, Motorola.. nothing is becoming a trustable brand...Best phone in this price point... Go for itREAD MORE"
179,incredible ğŸ˜ at the his priceREAD MORE
180,GoodREAD MORE
181,This phone very excellent ğŸ‘ŒğŸ‘ŒğŸ‘Œ12/256 RAM /ROMğŸ˜READ MORE
182,Nice Product. Camera quality awesome.READ MORE
183,Good phone. Look and feel is good in hand. Best at this price rangeREAD MORE
184,"Phone is really good in performance, features and camera in this price range.READ MORE"
185,Product is awesome.Build quality - 4/5Camera - 4/5Performance - 4/5Display - 5/5Sound - 5/5Storage - 3/5Connectivity - 4.5/5READ MORE
186,Good ğŸ’¯READ MORE
187,BestREAD MORE
188,"I think the camera quality is decent...I would like to give 4.3 out of 5 in camera department... battery backup  is excellent 5 out of 5 .. display is buttery smooth ...Dear my brothers and sisters trust me and go for it..it is better than Vivo, oppo, realme ,redmi  one plus and others Chinese brands....... Don't go for Samsung as hanging problem continues...So Besides Apple, Google, Motorola.. nothing is becoming a trustable brand...Best phone in this price point... Go for itREAD MORE"
189,incredible ğŸ˜ at the his priceREAD MORE
190,GoodREAD MORE
191,This phone very excellent ğŸ‘ŒğŸ‘ŒğŸ‘Œ12/256 RAM /ROMğŸ˜READ MORE
192,Nice Product. Camera quality awesome.READ MORE
193,Good phone. Look and feel is good in hand. Best at this price rangeREAD MORE
194,"Phone is really good in performance, features and camera in this price range.READ MORE"
195,Product is awesome.Build quality - 4/5Camera - 4/5Performance - 4/5Display - 5/5Sound - 5/5Storage - 3/5Connectivity - 4.5/5READ MORE
196,Good ğŸ’¯READ MORE
197,BestREAD MORE
198,"I think the camera quality is decent...I would like to give 4.3 out of 5 in camera department... battery backup  is excellent 5 out of 5 .. display is buttery smooth ...Dear my brothers and sisters trust me and go for it..it is better than Vivo, oppo, realme ,redmi  one plus and others Chinese brands....... Don't go for Samsung as hanging problem continues...So Besides Apple, Google, Motorola.. nothing is becoming a trustable brand...Best phone in this price point... Go for itREAD MORE"
199,incredible ğŸ˜ at the his priceREAD MORE
200,GoodREAD MORE
201,This phone very excellent ğŸ‘ŒğŸ‘ŒğŸ‘Œ12/256 RAM /ROMğŸ˜READ MORE
202,Nice Product. Camera quality awesome.READ MORE
203,Good phone. Look and feel is good in hand. Best at this price rangeREAD MORE
204,"Phone is really good in performance, features and camera in this price range.READ MORE"
205,Product is awesome.Build quality - 4/5Camera - 4/5Performance - 4/5Display - 5/5Sound - 5/5Storage - 3/5Connectivity - 4.5/5READ MORE
206,Good ğŸ’¯READ MORE
207,BestREAD MORE
208,"I think the camera quality is decent...I would like to give 4.3 out of 5 in camera department... battery backup  is excellent 5 out of 5 .. display is buttery smooth ...Dear my brothers and sisters trust me and go for it..it is better than Vivo, oppo, realme ,redmi  one plus and others Chinese brands....... Don't go for Samsung as hanging problem continues...So Besides Apple, Google, Motorola.. nothing is becoming a trustable brand...Best phone in this price point... Go for itREAD MORE"
209,incredible ğŸ˜ at the his priceREAD MORE
210,GoodREAD MORE
211,This phone very excellent ğŸ‘ŒğŸ‘ŒğŸ‘Œ12/256 RAM /ROMğŸ˜READ MORE
212,Nice Product. Camera quality awesome.READ MORE
213,Good phone. Look and feel is good in hand. Best at this price rangeREAD MORE
214,"Phone is really good in performance, features and camera in this price range.READ MORE"
215,Product is awesome.Build quality - 4/5Camera - 4/5Performance - 4/5Display - 5/5Sound - 5/5Storage - 3/5Connectivity - 4.5/5READ MORE
216,Good ğŸ’¯READ MORE
217,BestREAD MORE
218,"I think the camera quality is decent...I would like to give 4.3 out of 5 in camera department... battery backup  is excellent 5 out of 5 .. display is buttery smooth ...Dear my brothers and sisters trust me and go for it..it is better than Vivo, oppo, realme ,redmi  one plus and others Chinese brands....... Don't go for Samsung as hanging problem continues...So Besides Apple, Google, Motorola.. nothing is becoming a trustable brand...Best phone in this price point... Go for itREAD MORE"
219,incredible ğŸ˜ at the his priceREAD MORE
220,GoodREAD MORE
221,This phone very excellent ğŸ‘ŒğŸ‘ŒğŸ‘Œ12/256 RAM /ROMğŸ˜READ MORE
222,Nice Product. Camera quality awesome.READ MORE
223,Good phone. Look and feel is good in hand. Best at this price rangeREAD MORE
224,"Phone is really good in performance, features and camera in this price range.READ MORE"
225,Product is awesome.Build quality - 4/5Camera - 4/5Performance - 4/5Display - 5/5Sound - 5/5Storage - 3/5Connectivity - 4.5/5READ MORE
226,Good ğŸ’¯READ MORE
227,BestREAD MORE
228,"I think the camera quality is decent...I would like to give 4.3 out of 5 in camera department... battery backup  is excellent 5 out of 5 .. display is buttery smooth ...Dear my brothers and sisters trust me and go for it..it is better than Vivo, oppo, realme ,redmi  one plus and others Chinese brands....... Don't go for Samsung as hanging problem continues...So Besides Apple, Google, Motorola.. nothing is becoming a trustable brand...Best phone in this price point... Go for itREAD MORE"
229,incredible ğŸ˜ at the his priceREAD MORE
230,GoodREAD MORE
231,This phone very excellent ğŸ‘ŒğŸ‘ŒğŸ‘Œ12/256 RAM /ROMğŸ˜READ MORE
232,Nice Product. Camera quality awesome.READ MORE
233,Good phone. Look and feel is good in hand. Best at this price rangeREAD MORE
234,"Phone is really good in performance, features and camera in this price range.READ MORE"
235,Product is awesome.Build quality - 4/5Camera - 4/5Performance - 4/5Display - 5/5Sound - 5/5Storage - 3/5Connectivity - 4.5/5READ MORE
236,Good ğŸ’¯READ MORE
237,BestREAD MORE
238,"I think the camera quality is decent...I would like to give 4.3 out of 5 in camera department... battery backup  is excellent 5 out of 5 .. display is buttery smooth ...Dear my brothers and sisters trust me and go for it..it is better than Vivo, oppo, realme ,redmi  one plus and others Chinese brands....... Don't go for Samsung as hanging problem continues...So Besides Apple, Google, Motorola.. nothing is becoming a trustable brand...Best phone in this price point... Go for itREAD MORE"
239,incredible ğŸ˜ at the his priceREAD MORE
240,GoodREAD MORE
241,This phone very excellent ğŸ‘ŒğŸ‘ŒğŸ‘Œ12/256 RAM /ROMğŸ˜READ MORE
242,Nice Product. Camera quality awesome.READ MORE
243,Good phone. Look and feel is good in hand. Best at this price rangeREAD MORE
244,"Phone is really good in performance, features and camera in this price range.READ MORE"
245,Product is awesome.Build quality - 4/5Camera - 4/5Performance - 4/5Display - 5/5Sound - 5/5Storage - 3/5Connectivity - 4.5/5READ MORE
246,Good ğŸ’¯READ MORE
247,BestREAD MORE
248,"I think the camera quality is decent...I would like to give 4.3 out of 5 in camera department... battery backup  is excellent 5 out of 5 .. display is buttery smooth ...Dear my brothers and sisters trust me and go for it..it is better than Vivo, oppo, realme ,redmi  one plus and others Chinese brands....... Don't go for Samsung as hanging problem continues...So Besides Apple, Google, Motorola.. nothing is becoming a trustable brand...Best phone in this price point... Go for itREAD MORE"
249,incredible ğŸ˜ at the his priceREAD MORE
250,GoodREAD MORE
251,This phone very excellent ğŸ‘ŒğŸ‘ŒğŸ‘Œ12/256 RAM /ROMğŸ˜READ MORE
252,Nice Product. Camera quality awesome.READ MORE
253,Good phone. Look and feel is good in hand. Best at this price rangeREAD MORE
254,"Phone is really good in performance, features and camera in this price range.READ MORE"
255,Product is awesome.Build quality - 4/5Camera - 4/5Performance - 4/5Display - 5/5Sound - 5/5Storage - 3/5Connectivity - 4.5/5READ MORE
256,Good ğŸ’¯READ MORE
257,BestREAD MORE
258,"I think the camera quality is decent...I would like to give 4.3 out of 5 in camera department... battery backup  is excellent 5 out of 5 .. display is buttery smooth ...Dear my brothers and sisters trust me and go for it..it is better than Vivo, oppo, realme ,redmi  one plus and others Chinese brands....... Don't go for Samsung as hanging problem continues...So Besides Apple, Google, Motorola.. nothing is becoming a trustable brand...Best phone in this price point... Go for itREAD MORE"
259,incredible ğŸ˜ at the his priceREAD MORE
260,GoodREAD MORE
261,This phone very excellent ğŸ‘ŒğŸ‘ŒğŸ‘Œ12/256 RAM /ROMğŸ˜READ MORE
262,Nice Product. Camera quality awesome.READ MORE
263,Good phone. Look and feel is good in hand. Best at this price rangeREAD MORE
264,"Phone is really good in performance, features and camera in this price range.READ MORE"
265,Product is awesome.Build quality - 4/5Camera - 4/5Performance - 4/5Display - 5/5Sound - 5/5Storage - 3/5Connectivity - 4.5/5READ MORE
266,Good ğŸ’¯READ MORE
267,BestREAD MORE
268,"I think the camera quality is decent...I would like to give 4.3 out of 5 in camera department... battery backup  is excellent 5 out of 5 .. display is buttery smooth ...Dear my brothers and sisters trust me and go for it..it is better than Vivo, oppo, realme ,redmi  one plus and others Chinese brands....... Don't go for Samsung as hanging problem continues...So Besides Apple, Google, Motorola.. nothing is becoming a trustable brand...Best phone in this price point... Go for itREAD MORE"
269,incredible ğŸ˜ at the his priceREAD MORE
270,GoodREAD MORE
271,This phone very excellent ğŸ‘ŒğŸ‘ŒğŸ‘Œ12/256 RAM /ROMğŸ˜READ MORE
272,Nice Product. Camera quality awesome.READ MORE
273,Good phone. Look and feel is good in hand. Best at this price rangeREAD MORE
274,"Phone is really good in performance, features and camera in this price range.READ MORE"
275,Product is awesome.Build quality - 4/5Camera - 4/5Performance - 4/5Display - 5/5Sound - 5/5Storage - 3/5Connectivity - 4.5/5READ MORE
276,Good ğŸ’¯READ MORE
277,BestREAD MORE
278,"I think the camera quality is decent...I would like to give 4.3 out of 5 in camera department... battery backup  is excellent 5 out of 5 .. display is buttery smooth ...Dear my brothers and sisters trust me and go for it..it is better than Vivo, oppo, realme ,redmi  one plus and others Chinese brands....... Don't go for Samsung as hanging problem continues...So Besides Apple, Google, Motorola.. nothing is becoming a trustable brand...Best phone in this price point... Go for itREAD MORE"
279,incredible ğŸ˜ at the his priceREAD MORE
280,GoodREAD MORE
281,This phone very excellent ğŸ‘ŒğŸ‘ŒğŸ‘Œ12/256 RAM /ROMğŸ˜READ MORE
282,Nice Product. Camera quality awesome.READ MORE
283,Good phone. Look and feel is good in hand. Best at this price rangeREAD MORE
284,"Phone is really good in performance, features and camera in this price range.READ MORE"
285,Product is awesome.Build quality - 4/5Camera - 4/5Performance - 4/5Display - 5/5Sound - 5/5Storage - 3/5Connectivity - 4.5/5READ MORE
286,Good ğŸ’¯READ MORE
287,BestREAD MORE
288,"I think the camera quality is decent...I would like to give 4.3 out of 5 in camera department... battery backup  is excellent 5 out of 5 .. display is buttery smooth ...Dear my brothers and sisters trust me and go for it..it is better than Vivo, oppo, realme ,redmi  one plus and others Chinese brands....... Don't go for Samsung as hanging problem continues...So Besides Apple, Google, Motorola.. nothing is becoming a trustable brand...Best phone in this price point... Go for itREAD MORE"
289,incredible ğŸ˜ at the his priceREAD MORE
290,GoodREAD MORE
291,This phone very excellent ğŸ‘ŒğŸ‘ŒğŸ‘Œ12/256 RAM /ROMğŸ˜READ MORE
292,Nice Product. Camera quality awesome.READ MORE
293,Good phone. Look and feel is good in hand. Best at this price rangeREAD MORE
294,"Phone is really good in performance, features and camera in this price range.READ MORE"
295,Product is awesome.Build quality - 4/5Camera - 4/5Performance - 4/5Display - 5/5Sound - 5/5Storage - 3/5Connectivity - 4.5/5READ MORE
296,Good ğŸ’¯READ MORE
297,BestREAD MORE
298,"I think the camera quality is decent...I would like to give 4.3 out of 5 in camera department... battery backup  is excellent 5 out of 5 .. display is buttery smooth ...Dear my brothers and sisters trust me and go for it..it is better than Vivo, oppo, realme ,redmi  one plus and others Chinese brands....... Don't go for Samsung as hanging problem continues...So Besides Apple, Google, Motorola.. nothing is becoming a trustable brand...Best phone in this price point... Go for itREAD MORE"
299,incredible ğŸ˜ at the his priceREAD MORE
300,GoodREAD MORE
301,This phone very excellent ğŸ‘ŒğŸ‘ŒğŸ‘Œ12/256 RAM /ROMğŸ˜READ MORE
302,Nice Product. Camera quality awesome.READ MORE
303,Good phone. Look and feel is good in hand. Best at this price rangeREAD MORE
304,"Phone is really good in performance, features and camera in this price range.READ MORE"
305,Product is awesome.Build quality - 4/5Camera - 4/5Performance - 4/5Display - 5/5Sound - 5/5Storage - 3/5Connectivity - 4.5/5READ MORE
306,Good ğŸ’¯READ MORE
307,BestREAD MORE
308,"I think the camera quality is decent...I would like to give 4.3 out of 5 in camera department... battery backup  is excellent 5 out of 5 .. display is buttery smooth ...Dear my brothers and sisters trust me and go for it..it is better than Vivo, oppo, realme ,redmi  one plus and others Chinese brands....... Don't go for Samsung as hanging problem continues...So Besides Apple, Google, Motorola.. nothing is becoming a trustable brand...Best phone in this price point... Go for itREAD MORE"
309,incredible ğŸ˜ at the his priceREAD MORE
310,GoodREAD MORE
311,This phone very excellent ğŸ‘ŒğŸ‘ŒğŸ‘Œ12/256 RAM /ROMğŸ˜READ MORE
312,Nice Product. Camera quality awesome.READ MORE
313,Good phone. Look and feel is good in hand. Best at this price rangeREAD MORE
314,"Phone is really good in performance, features and camera in this price range.READ MORE"
315,Product is awesome.Build quality - 4/5Camera - 4/5Performance - 4/5Display - 5/5Sound - 5/5Storage - 3/5Connectivity - 4.5/5READ MORE
316,Good ğŸ’¯READ MORE
317,BestREAD MORE
318,"I think the camera quality is decent...I would like to give 4.3 out of 5 in camera department... battery backup  is excellent 5 out of 5 .. display is buttery smooth ...Dear my brothers and sisters trust me and go for it..it is better than Vivo, oppo, realme ,redmi  one plus and others Chinese brands....... Don't go for Samsung as hanging problem continues...So Besides Apple, Google, Motorola.. nothing is becoming a trustable brand...Best phone in this price point... Go for itREAD MORE"
319,incredible ğŸ˜ at the his priceREAD MORE
320,GoodREAD MORE
321,This phone very excellent ğŸ‘ŒğŸ‘ŒğŸ‘Œ12/256 RAM /ROMğŸ˜READ MORE
322,Nice Product. Camera quality awesome.READ MORE
323,Good phone. Look and feel is good in hand. Best at this price rangeREAD MORE
324,"Phone is really good in performance, features and camera in this price range.READ MORE"
325,Product is awesome.Build quality - 4/5Camera - 4/5Performance - 4/5Display - 5/5Sound - 5/5Storage - 3/5Connectivity - 4.5/5READ MORE
326,Good ğŸ’¯READ MORE
327,BestREAD MORE
328,"I think the camera quality is decent...I would like to give 4.3 out of 5 in camera department... battery backup  is excellent 5 out of 5 .. display is buttery smooth ...Dear my brothers and sisters trust me and go for it..it is better than Vivo, oppo, realme ,redmi  one plus and others Chinese brands....... Don't go for Samsung as hanging problem continues...So Besides Apple, Google, Motorola.. nothing is becoming a trustable brand...Best phone in this price point... Go for itREAD MORE"
329,incredible ğŸ˜ at the his priceREAD MORE
330,GoodREAD MORE
331,This phone very excellent ğŸ‘ŒğŸ‘ŒğŸ‘Œ12/256 RAM /ROMğŸ˜READ MORE
332,Nice Product. Camera quality awesome.READ MORE
333,Good phone. Look and feel is good in hand. Best at this price rangeREAD MORE
334,"Phone is really good in performance, features and camera in this price range.READ MORE"
335,Product is awesome.Build quality - 4/5Camera - 4/5Performance - 4/5Display - 5/5Sound - 5/5Storage - 3/5Connectivity - 4.5/5READ MORE
336,Good ğŸ’¯READ MORE
337,BestREAD MORE
338,"I think the camera quality is decent...I would like to give 4.3 out of 5 in camera department... battery backup  is excellent 5 out of 5 .. display is buttery smooth ...Dear my brothers and sisters trust me and go for it..it is better than Vivo, oppo, realme ,redmi  one plus and others Chinese brands....... Don't go for Samsung as hanging problem continues...So Besides Apple, Google, Motorola.. nothing is becoming a trustable brand...Best phone in this price point... Go for itREAD MORE"
339,incredible ğŸ˜ at the his priceREAD MORE
340,GoodREAD MORE
341,This phone very excellent ğŸ‘ŒğŸ‘ŒğŸ‘Œ12/256 RAM /ROMğŸ˜READ MORE
342,Nice Product. Camera quality awesome.READ MORE
343,Good phone. Look and feel is good in hand. Best at this price rangeREAD MORE
344,"Phone is really good in performance, features and camera in this price range.READ MORE"
345,Product is awesome.Build quality - 4/5Camera - 4/5Performance - 4/5Display - 5/5Sound - 5/5Storage - 3/5Connectivity - 4.5/5READ MORE
346,Good ğŸ’¯READ MORE
347,BestREAD MORE
348,"I think the camera quality is decent...I would like to give 4.3 out of 5 in camera department... battery backup  is excellent 5 out of 5 .. display is buttery smooth ...Dear my brothers and sisters trust me and go for it..it is better than Vivo, oppo, realme ,redmi  one plus and others Chinese brands....... Don't go for Samsung as hanging problem continues...So Besides Apple, Google, Motorola.. nothing is becoming a trustable brand...Best phone in this price point... Go for itREAD MORE"
349,incredible ğŸ˜ at the his priceREAD MORE
350,GoodREAD MORE
351,This phone very excellent ğŸ‘ŒğŸ‘ŒğŸ‘Œ12/256 RAM /ROMğŸ˜READ MORE
352,Nice Product. Camera quality awesome.READ MORE
353,Good phone. Look and feel is good in hand. Best at this price rangeREAD MORE
354,"Phone is really good in performance, features and camera in this price range.READ MORE"
355,Product is awesome.Build quality - 4/5Camera - 4/5Performance - 4/5Display - 5/5Sound - 5/5Storage - 3/5Connectivity - 4.5/5READ MORE
356,Good ğŸ’¯READ MORE
357,BestREAD MORE
358,"I think the camera quality is decent...I would like to give 4.3 out of 5 in camera department... battery backup  is excellent 5 out of 5 .. display is buttery smooth ...Dear my brothers and sisters trust me and go for it..it is better than Vivo, oppo, realme ,redmi  one plus and others Chinese brands....... Don't go for Samsung as hanging problem continues...So Besides Apple, Google, Motorola.. nothing is becoming a trustable brand...Best phone in this price point... Go for itREAD MORE"
359,incredible ğŸ˜ at the his priceREAD MORE
360,GoodREAD MORE
361,This phone very excellent ğŸ‘ŒğŸ‘ŒğŸ‘Œ12/256 RAM /ROMğŸ˜READ MORE
362,Nice Product. Camera quality awesome.READ MORE
363,Good phone. Look and feel is good in hand. Best at this price rangeREAD MORE
364,"Phone is really good in performance, features and camera in this price range.READ MORE"
365,Product is awesome.Build quality - 4/5Camera - 4/5Performance - 4/5Display - 5/5Sound - 5/5Storage - 3/5Connectivity - 4.5/5READ MORE
366,Good ğŸ’¯READ MORE
367,BestREAD MORE
368,"I think the camera quality is decent...I would like to give 4.3 out of 5 in camera department... battery backup  is excellent 5 out of 5 .. display is buttery smooth ...Dear my brothers and sisters trust me and go for it..it is better than Vivo, oppo, realme ,redmi  one plus and others Chinese brands....... Don't go for Samsung as hanging problem continues...So Besides Apple, Google, Motorola.. nothing is becoming a trustable brand...Best phone in this price point... Go for itREAD MORE"
369,incredible ğŸ˜ at the his priceREAD MORE
370,GoodREAD MORE
371,This phone very excellent ğŸ‘ŒğŸ‘ŒğŸ‘Œ12/256 RAM /ROMğŸ˜READ MORE
372,Nice Product. Camera quality awesome.READ MORE
373,Good phone. Look and feel is good in hand. Best at this price rangeREAD MORE
374,"Phone is really good in performance, features and camera in this price range.READ MORE"
375,Product is awesome.Build quality - 4/5Camera - 4/5Performance - 4/5Display - 5/5Sound - 5/5Storage - 3/5Connectivity - 4.5/5READ MORE
376,Good ğŸ’¯READ MORE
377,BestREAD MORE
378,"I think the camera quality is decent...I would like to give 4.3 out of 5 in camera department... battery backup  is excellent 5 out of 5 .. display is buttery smooth ...Dear my brothers and sisters trust me and go for it..it is better than Vivo, oppo, realme ,redmi  one plus and others Chinese brands....... Don't go for Samsung as hanging problem continues...So Besides Apple, Google, Motorola.. nothing is becoming a trustable brand...Best phone in this price point... Go for itREAD MORE"
379,incredible ğŸ˜ at the his priceREAD MORE
380,GoodREAD MORE
ID,REVIEWS
ID,REVIEWS
ID,REVIEWS
1,Camera -averageBattery -goodProcessor -goodDesign - excellent4 out of 5READ MORE
2,"Very fast delivery and genuine products by Flipkart, proud to say iam a Flipkart customer coming to mobile features it was awesome and worth for mny camera was good battery was double ok and storage capacity also 4/128 everything was good... Satisfied ğŸ¤© Thanks to FlipkartREAD MORE"
3,All rounder budget phone I like it.....READ MORE
4,Very GoodREAD MORE
5,NiceREAD MORE
6,Value for moneyREAD MORE
7,I got this mobile in just 2 days after placing order.1. Phone is very light weight2. Colour of phone is awesome.3. Dolby Atmos speakers are just mind blowing.4. Feels like premium phone.5. Video quality is quiet good6. Camera quality is normal . 7. Battery backup is also good8. Charging is about 1.5 percent per minute .# charger need to be of more wattREAD MORE
8,Camara to good photo sutREAD MORE
9,Charger low qualityDesign best qualityCamera is good qualityDisplay is good quality Chargering time time heat phone and chargerREAD MORE
10,Awesome phone on this prize range . Super work moto value for moneyREAD MORE
11,Camera -averageBattery -goodProcessor -goodDesign - excellent4 out of 5READ MORE
12,"Very fast delivery and genuine products by Flipkart, proud to say iam a Flipkart customer coming to mobile features it was awesome and worth for mny camera was good battery was double ok and storage capacity also 4/128 everything was good... Satisfied ğŸ¤© Thanks to FlipkartREAD MORE"
13,All rounder budget phone I like it.....READ MORE
14,Very GoodREAD MORE
15,NiceREAD MORE
16,Value for moneyREAD MORE
17,I got this mobile in just 2 days after placing order.1. Phone is very light weight2. Colour of phone is awesome.3. Dolby Atmos speakers are just mind blowing.4. Feels like premium phone.5. Video quality is quiet good6. Camera quality is normal . 7. Battery backup is also good8. Charging is about 1.5 percent per minute .# charger need to be of more wattREAD MORE
18,Camara to good photo sutREAD MORE
19,Charger low qualityDesign best qualityCamera is good qualityDisplay is good quality Chargering time time heat phone and chargerREAD MORE
20,Awesome phone on this prize range . Super work moto value for moneyREAD MORE
ID,REVIEWS
ID,REVIEWS
1,Camera -averageBattery -goodProcessor -goodDesign - excellent4 out of 5READ MORE
2,"Very fast delivery and genuine products by Flipkart, proud to say iam a Flipkart customer coming to mobile features it was awesome and worth for mny camera was good battery was double ok and storage capacity also 4/128 everything was good... Satisfied ğŸ¤© Thanks to FlipkartREAD MORE"
3,All rounder budget phone I like it.....READ MORE
4,Very GoodREAD MORE
5,NiceREAD MORE
6,Value for moneyREAD MORE
7,I got this mobile in just 2 days after placing order.1. Phone is very light weight2. Colour of phone is awesome.3. Dolby Atmos speakers are just mind blowing.4. Feels like premium phone.5. Video quality is quiet good6. Camera quality is normal . 7. Battery backup is also good8. Charging is about 1.5 percent per minute .# charger need to be of more wattREAD MORE
8,Camara to good photo sutREAD MORE
9,Charger low qualityDesign best qualityCamera is good qualityDisplay is good quality Chargering time time heat phone and chargerREAD MORE
10,Awesome phone on this prize range . Super work moto value for moneyREAD MORE
11,Camera -averageBattery -goodProcessor -goodDesign - excellent4 out of 5READ MORE
12,"Very fast delivery and genuine products by Flipkart, proud to say iam a Flipkart customer coming to mobile features it was awesome and worth for mny camera was good battery was double ok and storage capacity also 4/128 everything was good... Satisfied ğŸ¤© Thanks to FlipkartREAD MORE"
13,All rounder budget phone I like it.....READ MORE
14,Very GoodREAD MORE
15,NiceREAD MORE
16,Value for moneyREAD MORE
17,I got this mobile in just 2 days after placing order.1. Phone is very light weight2. Colour of phone is awesome.3. Dolby Atmos speakers are just mind blowing.4. Feels like premium phone.5. Video quality is quiet good6. Camera quality is normal . 7. Battery backup is also good8. Charging is about 1.5 percent per minute .# charger need to be of more wattREAD MORE
18,Camara to good photo sutREAD MORE
19,Charger low qualityDesign best qualityCamera is good qualityDisplay is good quality Chargering time time heat phone and chargerREAD MORE
20,Awesome phone on this prize range . Super work moto value for moneyREAD MORE
ID,REVIEWS
ID,REVIEWS
1,Camera -averageBattery -goodProcessor -goodDesign - excellent4 out of 5READ MORE
2,"Very fast delivery and genuine products by Flipkart, proud to say iam a Flipkart customer coming to mobile features it was awesome and worth for mny camera was good battery was double ok and storage capacity also 4/128 everything was good... Satisfied ğŸ¤© Thanks to FlipkartREAD MORE"
3,All rounder budget phone I like it.....READ MORE
4,Very GoodREAD MORE
5,NiceREAD MORE
6,Value for moneyREAD MORE
7,I got this mobile in just 2 days after placing order.1. Phone is very light weight2. Colour of phone is awesome.3. Dolby Atmos speakers are just mind blowing.4. Feels like premium phone.5. Video quality is quiet good6. Camera quality is normal . 7. Battery backup is also good8. Charging is about 1.5 percent per minute .# charger need to be of more wattREAD MORE
8,Camara to good photo sutREAD MORE
9,Charger low qualityDesign best qualityCamera is good qualityDisplay is good quality Chargering time time heat phone and chargerREAD MORE
10,Awesome phone on this prize range . Super work moto value for moneyREAD MORE
11,Camera -averageBattery -goodProcessor -goodDesign - excellent4 out of 5READ MORE
12,"Very fast delivery and genuine products by Flipkart, proud to say iam a Flipkart customer coming to mobile features it was awesome and worth for mny camera was good battery was double ok and storage capacity also 4/128 everything was good... Satisfied ğŸ¤© Thanks to FlipkartREAD MORE"
13,All rounder budget phone I like it.....READ MORE
14,Very GoodREAD MORE
15,NiceREAD MORE
16,Value for moneyREAD MORE
17,I got this mobile in just 2 days after placing order.1. Phone is very light weight2. Colour of phone is awesome.3. Dolby Atmos speakers are just mind blowing.4. Feels like premium phone.5. Video quality is quiet good6. Camera quality is normal . 7. Battery backup is also good8. Charging is about 1.5 percent per minute .# charger need to be of more wattREAD MORE
18,Camara to good photo sutREAD MORE
19,Charger low qualityDesign best qualityCamera is good qualityDisplay is good quality Chargering time time heat phone and chargerREAD MORE
20,Awesome phone on this prize range . Super work moto value for moneyREAD MORE
ID,REVIEWS
ID,REVIEWS
1,Camera -averageBattery -goodProcessor -goodDesign - excellent4 out of 5READ MORE
2,"Very fast delivery and genuine products by Flipkart, proud to say iam a Flipkart customer coming to mobile features it was awesome and worth for mny camera was good battery was double ok and storage capacity also 4/128 everything was good... Satisfied ğŸ¤© Thanks to FlipkartREAD MORE"
3,All rounder budget phone I like it.....READ MORE
4,Very GoodREAD MORE
5,NiceREAD MORE
6,Value for moneyREAD MORE
7,I got this mobile in just 2 days after placing order.1. Phone is very light weight2. Colour of phone is awesome.3. Dolby Atmos speakers are just mind blowing.4. Feels like premium phone.5. Video quality is quiet good6. Camera quality is normal . 7. Battery backup is also good8. Charging is about 1.5 percent per minute .# charger need to be of more wattREAD MORE
8,Camara to good photo sutREAD MORE
9,Charger low qualityDesign best qualityCamera is good qualityDisplay is good quality Chargering time time heat phone and chargerREAD MORE
10,Awesome phone on this prize range . Super work moto value for moneyREAD MORE
11,Camera -averageBattery -goodProcessor -goodDesign - excellent4 out of 5READ MORE
12,"Very fast delivery and genuine products by Flipkart, proud to say iam a Flipkart customer coming to mobile features it was awesome and worth for mny camera was good battery was double ok and storage capacity also 4/128 everything was good... Satisfied ğŸ¤© Thanks to FlipkartREAD MORE"
13,All rounder budget phone I like it.....READ MORE
14,Very GoodREAD MORE
15,NiceREAD MORE
16,Value for moneyREAD MORE
17,I got this mobile in just 2 days after placing order.1. Phone is very light weight2. Colour of phone is awesome.3. Dolby Atmos speakers are just mind blowing.4. Feels like premium phone.5. Video quality is quiet good6. Camera quality is normal . 7. Battery backup is also good8. Charging is about 1.5 percent per minute .# charger need to be of more wattREAD MORE
18,Camara to good photo sutREAD MORE
19,Charger low qualityDesign best qualityCamera is good qualityDisplay is good quality Chargering time time heat phone and chargerREAD MORE
20,Awesome phone on this prize range . Super work moto value for moneyREAD MORE
ID,REVIEWS
ID,REVIEWS
ID,REVIEWS
ID,REVIEWS
ID,REVIEWS
1,it's very good and comfortableREAD MORE
2,Excellent productREAD MORE
3,Awesome productREAD MORE
4,Nice decent bean bag. The cover is fine. I will personally recommend to buy from the store outside if you have many expectations from this. Otherwise stitching is good. Got 3XL size as ordered no label change problem..Beans inside are enough. Gives a leathery kind of finish outside. My previous beanie was a little heavy at first. This is kinda lightREAD MORE
5,Good quality product loved itREAD MORE
6,"I never thought a bean bag would be such comfortable and flexible to adjust my 100 kg body weight.I am vey happy with the build quality its built with thick  leather, I don't know its skin or synthetic, but the point is its very comfortable and I really recommend everyone to get one for your home, its light weight easy to carry and offcourse very comfortableREAD MORE"
7,Iâ€™m satisfied by this productREAD MORE
8,It is very good.Quality is good but i have only one complaint for 2 days there was plastic smell coming out of the bean bag.READ MORE
9,Comfortable and good quality. Using for more than a week little bit more beans would be better. Worth for money.READ MORE
10,Bean bag is comfortable the colour and the quality is too good it gives excellent look to enjoy a movement all time thank you Flipkart for this amazing product which are absolutely the same which are seen in the imageREAD MORE
11,it's very good and comfortableREAD MORE
12,Excellent productREAD MORE
13,Awesome productREAD MORE
14,Nice decent bean bag. The cover is fine. I will personally recommend to buy from the store outside if you have many expectations from this. Otherwise stitching is good. Got 3XL size as ordered no label change problem..Beans inside are enough. Gives a leathery kind of finish outside. My previous beanie was a little heavy at first. This is kinda lightREAD MORE
15,Good quality product loved itREAD MORE
16,"I never thought a bean bag would be such comfortable and flexible to adjust my 100 kg body weight.I am vey happy with the build quality its built with thick  leather, I don't know its skin or synthetic, but the point is its very comfortable and I really recommend everyone to get one for your home, its light weight easy to carry and offcourse very comfortableREAD MORE"
17,Iâ€™m satisfied by this productREAD MORE
18,It is very good.Quality is good but i have only one complaint for 2 days there was plastic smell coming out of the bean bag.READ MORE
19,Comfortable and good quality. Using for more than a week little bit more beans would be better. Worth for money.READ MORE
20,Bean bag is comfortable the colour and the quality is too good it gives excellent look to enjoy a movement all time thank you Flipkart for this amazing product which are absolutely the same which are seen in the imageREAD MORE
